"x1","x2","x3","x4","x5","x6","x7","x8"
0.0007714881388578956,0.00015870020205231095,0.015683148630788523,0.0033495140852443928,0.008713975029994698,0.047614912738832615,0.024370988784338,0.0014527857354517198
0.0003181016389861749,7.418529713682385e-6,0.013355564876869366,0.0026196878748518484,0.012237871855485659,0.0016218040536488836,0.0011760654870979007,0.003306299875215868
0.0011298448236243587,2.2403758959921855e-5,0.019300513872824096,0.024556168734919104,0.000492487356054208,0.04917192880114099,0.008418572316745485,0.0056598063963652885
0.0021712404739632437,3.7586422971217454e-5,0.028645387960446307,0.008856654643718464,0.0012953132497331113,0.029904520228971082,0.016214880336167813,0.00016564491738429036
0.003944908043995434,0.00011057690628887711,0.007398545865290501,0.010451064252315932,0.006370149470839537,0.004234118906413193,0.0002553394570002537,0.0005629578195402976
0.0006687357958975153,0.0001361651537302828,0.05141456452325997,0.0015881005171497012,0.013656820846701449,0.08311322600662997,0.006120198491709552,0.006426540436965542
0.0019614956977970707,0.00013822759146312643,0.010962637470998161,0.009230688901990115,0.004044293911031732,0.029054153892685654,0.0016736993926259596,0.0014756975248711713
0.0002523551258808949,0.00017420418508501973,0.01062848726038948,0.0005779002167249627,0.02016382213394148,0.054446208713543255,0.0042649080131353274,0.012974882068446271
0.004801811908042535,0.00029435688836349394,0.012722877158740058,0.012051436109262225,0.003639712550319675,0.06424782278559453,0.0017317537794147735,0.017677363555498284
0.001578969224937027,2.9416277279166872e-5,0.021511834068323667,0.0025474971502685404,0.02717659263158785,0.004766033611582574,0.01414458017565402,0.0002754390232583101
0.0030794547892893523,0.0010842550241889075,0.004607766612415087,0.022578976987530676,0.021707781141884652,0.02528068773427875,0.00794263320452693,0.0030217195661955674
0.0025018190183840497,9.41092030845695e-5,0.07399305352762695,0.012480056978099187,0.004462220255738764,0.011064897161711785,0.0013327925925636524,0.003604896902290889
0.0014320443850254724,6.864033802679006e-5,0.030716116147923977,0.016497487854485224,0.010137194815474421,0.011597167426211868,0.006732263824977977,0.0006802041340946272
0.009080993605998483,0.0005530635282451816,0.008700115262215891,0.016588769370368447,0.01143024740349402,0.0013047004383410844,0.006363654424240295,0.00311498103337453
0.0014755862024861165,0.00029786432176318343,0.009893831189274848,0.008429888646916569,0.007681433668548624,0.07137277789999458,0.011033017001859489,0.002856994572606341
0.0016478866317440593,3.274079900306513e-5,0.00035923519937058836,0.0001055531422821724,0.004649043467586602,0.03736159580355729,0.0015111157752088797,0.00042585463669580207
0.0008350489824026317,1.4066661395488659e-5,0.026337253694993158,0.027742440756226314,0.005497873960370067,0.055081933660392546,0.005592756057365872,0.007718880732069196
8.311726212122298e-6,0.0007565369652416703,0.04546344330696468,0.00047192388141733096,0.0008348086524955617,0.14610650452652668,0.007231464746226139,0.0017982879675103325
0.00018024540640792366,0.00032297543855408744,0.002969127122765655,0.003047477726988672,0.0013712435534380491,0.11669077248348228,0.004807556422391262,0.003690036133013963
0.004784602648235111,0.0005822551297103622,0.07045809998864881,0.0027514738514310823,0.0012930387333453474,0.014435323585288394,0.003610597660014243,0.0015075483350591638
0.0029780261112787565,0.00029962419504623195,0.01504178300830108,0.013778101756429696,0.006567106244206359,0.02767620410939787,0.009493714988928368,0.004614562595551531
0.0025465488280037142,0.00044156958543265846,0.007340314536112517,0.009696845992947303,0.002489144345833486,0.04383221949315934,0.0030474033986862548,0.0025293002647670234
0.0012255630326115643,6.652160230137025e-5,0.008463636669891247,0.0029167284114553623,0.00045522316301029514,0.0381075905177632,0.00019245412880826464,0.0057536974026048725
0.0034273390374125116,0.00050082855694078,0.007250560068758613,0.0065200647235118285,0.0007372790161966032,0.06700795769555672,0.005124921455157397,0.0009052772489828081
0.0005310677581381351,0.00013606924887453738,0.01485846895723535,0.010365517909003962,0.019201764426760217,0.01439255104436202,0.0023337500115990463,0.0015600489784260748
0.002327117622738574,0.00014362134173011746,0.020691003329130583,0.0039879312256266885,0.002753535852675509,0.018384816016578032,0.0029491212277359363,0.004229848509241857
0.0008536992679087044,3.0172980811887547e-5,0.03568062227678777,0.019589093121593872,0.0031880871023237064,0.02123505973774629,0.010504365831426226,0.002914870343703582
0.0018022929011927032,0.00014410583557437283,0.00974065092112926,0.02105828894580119,0.0042804777285263065,0.007606089274611166,0.006537969539584379,0.005183428791628821
0.003243005087127522,5.856926058626701e-5,0.0030373801471387605,0.0015547399466379224,0.00712579591707444,0.015184183504015722,0.0012821232127948128,0.0004689030507550614
0.0006265523514038493,0.0003936773116744967,0.014490995427144304,0.008457565981335607,0.009933011410165839,0.03794172846183111,0.013194917334432022,0.0003336617735645062
0.0022351340384738783,3.0113228822057495e-5,0.011897226961618419,0.0063619347087769205,0.0025707564337778713,0.02058383272255719,0.009625399344707526,0.00031269045211654214
0.0003147649108227547,5.634324844044205e-5,0.08551450448618904,0.008905608755172104,0.005070124051939949,0.035808575650502945,0.006034260076230084,0.00495945546411512
0.014302592055315443,0.0009487049042709835,0.01510908660049711,0.017712811112374504,0.004704356834212182,0.030137531668612254,0.007308112652562654,0.0030058675426812257
0.0006043331207321431,0.00023434417966151986,0.010608673781553841,0.01943071801435378,0.0015273504975623332,0.004538723427593937,0.0019973719439774617,0.0013124649433939651
0.0003591642753397641,0.0006417203484854095,0.039533332592210334,0.015067115537422975,0.0005618520810236294,0.027495739902950102,0.015249052679276022,0.001612765354194278
0.000633577834684466,0.000118879724410343,0.0029511695905429184,0.007803586984092623,0.006086764782007949,0.03216450558403286,0.006801146320242762,0.0011564531888326594
0.002357042538071625,0.00027604668991387327,0.04885515444950982,0.02182619295947664,0.014067003241320687,0.0077677989207447186,0.0018667031373190211,0.0019018241081755472
0.0003909691402223869,0.0002466536201005361,0.013147306591434517,0.0037741321623711264,0.01576455768442382,0.0036472761298189656,0.01794861033473899,0.002073975444837088
0.0007031644421746512,0.0004739311850098873,0.006423716356225262,0.0128337889226141,0.002900755833120189,0.01959062465057366,0.0037370467756274754,0.014958377102127551
0.002105456610118301,0.00027132450257289935,0.004692994508201356,0.009388016281629679,0.0014065970834062408,0.0033979512989119327,0.014240987958237604,0.003752801546911683
0.0008175228064319326,0.00017845224128052763,0.04623198569653306,0.01363744009366774,0.001636785029422747,0.019392182789363874,0.001634716676163707,0.004335759498407812
0.0013189434422018087,0.00034742295395547034,0.007318411672483495,0.012101418555623338,0.010816703416968066,0.018063016426326173,0.0029867823860822438,0.0056554688214466445
0.00011901689901649081,8.626629257069332e-5,0.02113450049211277,0.017929786880448655,0.00757163341156404,0.017211845045096666,0.003117225176663996,0.0005786277006559605
0.005752384563827774,6.755954008037881e-5,0.026610688817597112,0.01376435760489892,0.009174741158874138,5.2371982277593774e-5,0.007736675885935257,0.011405243147098086
0.002226444194518197,9.511871926799654e-5,0.0046013801254386295,0.011065591243271384,0.008557509784701418,0.012930810396509172,0.0016674381300772984,0.003228434689308625
0.00470547641042669,8.5824069075867e-5,0.03765334505877813,0.00010498558063109562,0.0045214677476037215,0.01355886149998479,8.957124989359415e-5,0.005636442162421292
0.0012125835799725933,0.0010342953486342109,0.042685886653135705,0.00689675437246529,0.0003390487857494881,0.014326158688092552,0.0046962707499945905,0.02040611907031893
0.005225194529231886,0.00031956577088755654,0.040856460803563886,0.015164976076429672,0.008152302959910759,0.034260114730243124,0.00019669943970664178,0.006113392954724879
0.00229701710109656,0.00021810251415721699,0.002490934209697564,0.0022628501281750494,0.005167888706635868,0.00930910829180788,0.001383402933552003,0.001271357097278009
0.002188635044051667,5.274874749816967e-5,0.00648127916348216,0.00402031640775228,0.023562659933013822,0.0007381444967861522,0.014360035637635098,0.002682695043196404
0.003711899177255288,0.0003315671615022694,0.012831943470383168,0.011146280877612894,0.0037498420104251314,0.016611663009675613,2.463300169279248e-5,0.007910954269393056
0.008934026364788369,3.287846930862295e-5,0.0008002570433775205,0.0019867388946007663,0.0002948105118314739,0.0268143508840305,0.012505777589165748,0.00026874206814097906
0.0016240759560799812,0.00014440213587674225,0.02293221224533373,0.0026246816354909457,0.01067629537575479,0.0043968540091424615,0.00381247846212104,0.0007223211352190914
0.003311721719731872,0.0007173371035236831,0.003857162162653273,0.001325878317572442,0.009870568684741654,0.10297040888677045,0.02535322910876345,0.007731892726748559
0.004109605030701644,7.62401611479039e-5,0.0674156030873473,0.0017442466201581044,0.009325133425319095,0.013376791254285293,0.007558142184777543,0.005314779362998738
0.0017114237306827375,8.7457692729292e-6,0.029228882806073983,0.005726064672830192,0.00031088656598885937,0.028591879363306066,0.0008669916662170509,0.0005393125478372791
0.0007379214747618141,0.0003175224582856602,0.008641519214642726,0.007201511799270039,0.009662066980543874,0.031168388460871745,0.003859081053291975,0.0006062235022235286
0.012489950187741376,0.0002899058128274132,0.001441669797466191,0.009213480415191643,0.0008642209091221411,0.004907784328817471,0.015856445720278414,0.00318580169613639
0.0027160137976627603,0.00038319231269811407,0.005170058894611417,0.0025020873763267745,0.007669460346771548,0.005240704731265336,0.011066946375288291,0.009763201481358867
0.0013200015221316208,0.0001476045594416197,0.003011692498124869,0.012004650554941201,0.0028823760434145223,0.021764292366228715,0.0025553007119500696,0.0013583000998554679
0.004309917603493763,0.00015440646756690612,0.0037311902772777933,0.003602267323829702,0.004969355768451335,0.07757100844946031,0.009428393284101413,0.012135656717201784
0.001541783814853527,0.00029078630221924726,1.6235131868565502e-5,0.006045723231483587,0.0028191147373271236,0.0041428053365212885,0.03941722515155493,0.005843029585303542
0.0053558751639728105,0.000694927402891013,0.007406172977402053,0.005374607939464352,0.006524559003254504,0.005030556784737548,0.0044699320917754425,0.002024030479702599
0.00021086521166158392,0.00012888396832853527,0.038119465722570633,0.008323578213874824,0.004114151713981355,0.037065560397007355,0.006666726208120084,0.006973538368076882
0.004265184323389648,6.824397356031756e-5,0.005058176935936506,0.0020268892005984016,0.015020465178845956,0.01562693741965291,0.00319155094501724,0.0015420842279000968
0.0017779221989823403,0.00029897238955973755,0.008338945144860874,0.0026309425562407707,0.004603440632450255,0.03191895651685502,0.0006336550290747584,0.0009119758737479999
0.00991285501073546,0.0005433574902258452,0.0033610734255804667,0.0010264539446234206,0.002422041250449795,0.00023194006480176932,0.0016189543691904175,0.0012788364190116498
0.0048854148779661315,0.00016648686209780837,0.01251311266099561,0.0033076780225684385,0.00021837067870779958,0.01461662829034978,0.01031884529597777,0.00815416915711248
5.646395602020967e-5,0.0001595820781699318,0.0013354549705538764,0.000889667754562471,0.003480146055861253,0.029550796171989985,0.0019250491530886302,0.00240693298434852
0.002008987438642992,9.043136030730533e-5,0.004040374064350712,0.01379094783800636,0.004516903807041252,0.025244876198180444,0.0024279007019723615,0.0047873209783648694
0.0016530650359448506,0.0007751530633543828,0.006131052643799569,0.012615885648550672,0.003560413547457957,0.002071707725924327,0.0014595182543860566,0.002367297021240345
0.007583750449175397,0.00022215825266990588,0.003321792857123454,0.008238701356831338,0.007996984553312467,0.026360250990265895,0.002277745211525265,0.002186006548023476
0.001220417412832082,4.799301650502834e-5,0.018339268596374823,0.012680959167798293,0.0010370512270005648,0.008942087539339436,0.007492931158359925,0.0022036302848154146
0.0012453573590180754,0.0004116749783113794,0.05492559394721906,0.010405747727569224,0.017185807056904416,0.049328469081850845,0.0018161850298616332,0.001475998277950122
0.0003285897212291456,0.00042664055992311476,0.006053324458849678,0.013170919022352593,0.0012681516641092716,0.04009160846604872,0.007949513866603732,0.0073072100341971796
0.00011729986530225208,0.0006076558410448117,0.020592771964571713,0.006737548094174189,0.021699952583959965,0.04080341608486245,0.00983439866882929,0.005196284401365014
0.0002530330357941838,0.00036169006027389635,0.0015891615516639955,0.0033894539385001085,0.002651036608944078,0.01622421438415379,0.03514591110450833,0.005188478767831901
0.0015920542249689437,0.00017204605538685393,0.01926151604526584,0.0169423114176899,0.0008808588164787258,0.023038186481616565,0.008694926564307261,0.00037911875535486016
0.006219319304637574,0.00026922135130822463,0.05358117141872964,0.006032699072063142,0.0025637373868925423,0.032512048413078906,0.005450966714719296,0.009758768646596066
0.0057121831669171745,0.00012752648301744542,0.013538762415124687,0.006161223545451825,0.00024180780076475745,0.013203770199971142,0.010520832529155349,0.005887434831188612
0.0005114086147679596,0.000397875211481834,0.0014730926430395635,0.00024134160602589963,0.0002853774680169637,0.009756236659940597,0.011390190235821798,0.0018891493636436758
6.976151512340354e-5,5.275901263957627e-5,0.0027860347334155936,0.013871607650071985,0.0028961086761552096,0.03452542355296381,0.00033627212671955275,0.0076102125299762
0.0037590145451284708,0.0003665411689349371,0.009945002117968232,0.004339894112165759,0.023739665758086677,0.004007866106828643,0.01189003754334354,0.0010462789440381618
0.0024038659045498576,0.00039877701086701427,0.009692170924888917,0.008493230026742194,0.0031987562763875466,0.04211843815350084,0.004455549047091126,0.009336982158331071
0.003488172155340103,8.932629593270162e-5,0.061741457501410746,9.836856999692861e-5,0.002323197407243566,0.04033039451670781,0.011570416179777875,0.00639291486038146
0.0029802121508045475,0.0005239548172627329,0.0010102560773040622,0.03137899520508019,0.0028100248851040863,0.01179228614422139,0.005095058842476252,0.005206135764561973
0.0007313515809648679,0.0002521979693059135,0.026079856084647537,0.02856672180633839,0.022482185686195998,0.01188943815217516,0.0014422171405706703,0.0006569860516527074
0.0004536972003804001,0.0001587348251116159,0.01545684820942873,0.016166879699351138,0.001328164259039518,0.016535925198835632,0.016103439982553935,0.004957351545167266
0.0014435928940448994,4.748289018549567e-5,0.0329302766118185,0.0011292633578431567,0.007336397017393111,0.038452550768877845,0.007416549793208232,0.002182587295056548
0.004565710391374694,0.00013696679236335855,0.013754389940973125,0.006938542658470084,0.0009429436750028051,0.031670997836763116,0.005061504408496613,0.0028122871623309977
0.0004514089479546696,0.00016310199593506884,0.005690963346864841,0.0023391576080086106,0.003541506945687049,0.006535496536258008,0.0026826498291731226,0.004130354470713486
0.009063228666417632,0.0003164465778575638,0.05526869313124245,0.003593694006626154,0.0019944544693790314,0.008164158668751429,0.008230037530710414,0.006840359890683386
0.009938422777241525,0.0006658470929801481,0.06198829138745073,0.009415297510157147,0.000979774269173119,0.0002554928935453823,0.0031543524805828184,0.0059798205170371425
0.008082798353382409,0.0004228964366913068,0.00677040690661821,0.0012186992085216094,0.004834105335919087,0.0029590297316596003,0.004438288258220431,0.003975531676313359
0.005863693713258582,0.00011179324975447043,0.00554242635574953,0.0035745682842067534,0.013985345101805302,0.00022209932320529073,0.006967195727346462,0.0070723378906939255
0.0016209766289174605,2.475372240844719e-5,0.0002596603895496517,0.019551822254675374,0.0011458342932050608,0.0036125742715131318,0.016218869710454564,0.0005744088429092822
0.001892857144245912,3.4526797144769126e-5,0.004818050219817577,0.0032408158828488034,0.0081130411374053,0.012688022085210044,0.014668868364898256,0.01143125712189166
0.0010337094333201886,0.00015437537063763468,0.03331783869452008,0.004340755437593834,0.0011572976046159667,0.018772381589932663,0.006456784544336364,0.012904826085978937
0.008677823232059395,0.0003483618320972894,0.023924705117632117,0.0032827566279064017,0.0030163719199784032,0.03042424324734451,0.00020327614846423075,0.00029753372996438825
0.002839814061053262,5.1549157098986906e-5,0.007955608904598137,0.011805027102532924,0.003310484346506813,0.00639745209777948,0.0014977604734990459,7.457748725941224e-5
0.00040944673943947324,0.0002066105304709263,0.002229808415102284,0.01533316940938772,0.0009827435566246497,0.04655410888792387,0.02139747281659233,0.002695735722175407
0.0031624813882317406,7.810624804061469e-5,0.0555330869037781,0.01381934250025236,0.003938393688128911,0.0012910582319377133,6.582253994839858e-5,0.004976282211851091
0.00016587294253452966,0.00048705647512548993,0.03185568539446425,0.01112693763541785,0.002471688596475934,0.02768352917350679,0.00048640572150860967,0.002062082042807229
0.001038434683457073,1.0126311982090162e-5,0.028330567917772786,0.0007350398691226878,0.0036359382112820748,0.029066022254106597,0.008391005855031768,0.001957119918106977
0.0030801015434865488,0.00010732088647481312,0.07715294772730082,0.01386066227252282,0.009318248423525893,0.08782887899794431,0.0036439172587255293,0.005874406991310704
0.004782025722879179,0.0004098467188149071,0.0023916133933067707,0.0043193493529733555,0.0028048949336235405,0.10764731058220346,0.014186481160611705,0.01141233770328759
0.0064485047535427845,0.00072092736371225,0.004639524298580111,0.001926463330001213,0.011376215560549515,0.058020310743031274,0.0003446602366746214,0.006358512014121442
0.00229639256356922,0.0001637052864739373,0.034413238538786355,0.012063516971788068,0.006948838906213794,0.03508729098709864,0.00407732876404102,0.02421677971410813
0.004288473763791355,0.0006878588499314384,0.0018922288964004132,0.0008045486758616542,0.002352865607917882,0.012229447247441173,0.0052921724387109325,0.0018809887022331962
0.009807196153751172,0.0005408153265755696,0.005784730594266407,0.0019495938717923637,0.0022457866917498072,0.0814875936201374,0.01170810778593935,0.0030766462062811624
0.0013071710797307983,2.3953313704774735e-5,0.011340534805456836,0.018724885474839154,0.0021250709838746894,0.015940371668057073,0.008971130404207077,0.004361602226797567
0.000326065164934806,0.000701154846400451,0.01395180791006767,0.001030115830485951,0.005849996054656735,0.021893531379126068,0.0029656480743780645,0.0006255805455746395
0.0012106659145885061,1.8790451928260688e-6,0.017062391269870344,0.00023605459042037904,0.003782974808258625,0.01117039437037055,0.0005699295189183683,0.012652751951129432
0.0006908851628966159,6.426192839142302e-5,0.015791327211503826,0.00038251003643708856,0.011083414171021355,0.010795537943530843,0.009990282287268594,0.0007316964721276799
0.0014140299259801235,6.511812128641526e-5,0.0051438668101152765,0.012698799963804012,0.005176208985629351,0.0061679726146626375,0.0179259772983272,0.007442105834863473
0.0061218693842649006,6.855666391081214e-5,0.011420821977573927,0.010221099515340334,0.0016877211052645765,0.04574887034226371,0.014544407089171863,0.002092546459309866
0.0010471138509934531,0.00019643241818279424,0.00615555990736909,0.0002566126496771672,0.0011581768710017014,0.009113696222955827,0.004312618484830662,0.0006444593000387383
0.0028609134975014603,0.00041742197926539914,0.0047300676757735275,0.012189303878151744,0.00614948448635098,0.0866390619615163,0.007845491482210391,0.0001592278326996609
0.0004884919105334984,0.00034782150133952854,0.0084902929813003,0.034856883013468995,0.0025104697218331674,0.02904951365902247,0.01695008934480769,0.0029944693892149958
0.0007257581261726389,8.154176596810726e-5,0.008417758850280324,0.005285833113133239,0.0003857349427285144,0.031283786694054044,0.009303189518733377,0.007244681401327291
0.006226293672412598,0.00019226828586088566,0.0032924131875678546,0.002224966958485148,0.0016343113869507519,0.017836539941917022,0.0009222022399919509,0.005422664388440144
0.00565723512691071,7.139669495823361e-5,0.001849252785497669,0.0025261849559345805,0.00036151725319925833,0.012783528543663018,0.008594187480413719,0.00571626597694479
0.0034356638393168246,8.92069786387487e-5,0.000693389634509726,0.006427139450671127,0.0021194457109537474,0.01801488502486671,0.004087443844433253,0.002126549744714914
0.002949076124319456,0.0008518498995935401,0.008561469272193502,0.004033192551847119,0.0003810837037629706,0.003920836266379758,0.00869109002947029,8.256141210679275e-5
0.0002406327508713276,4.2165252536024414e-5,0.016339152487127518,0.004276826389653811,0.017957081378127814,0.05561320239201194,0.008214545381680581,0.00013656582798178172
0.002138899655923909,0.0002364670754318624,0.041336758062353506,0.005437081004126399,0.010220394575407674,0.0011887701873593232,0.0017738169678110836,8.465972020661835e-5
0.0010133388391866719,0.00012107462051252237,0.015459807039924648,0.011059918342146544,0.008707837371488064,0.012359920920566918,0.010181021190945902,0.0002254143177790623
0.00042325866273609027,7.500324188773708e-6,0.011802337051408285,0.004875363489310352,0.004575363486444418,0.003934610416898613,0.002267121360929259,0.0013274063263008884
0.001000915448050914,0.00037398657833332804,0.02421958201917711,0.009200922575854212,0.0036242214786128112,0.06102434029697047,3.88809340806847e-5,0.004466135553177909
0.0034185823723982553,5.284769016893259e-5,0.005280410961810415,0.004286842270271715,0.0009875578941377432,0.0013503010090886594,0.009755753953114187,0.0010828126788432146
0.0010624382992583195,0.0008237338808754755,0.00032815797921794884,0.0011017956975989697,0.003344096476198759,0.002857727003236592,0.01633744265204377,0.0019941952248825417
0.0026945674161647573,0.000202430296603319,0.01002842148892065,0.0009328140923921785,0.0021372578089677344,0.01305183245110603,0.0003053014888166465,0.010140683214019584
2.26510205090514e-5,8.453686981800802e-6,0.022957726506079693,0.013941213979115961,0.0008190094286368503,0.016632988820989344,0.015606619496741914,0.005170858233729583
0.0032821650943301657,0.0001025616054320212,0.010597860112520535,0.006444243823398879,0.004774584858516356,0.004510248077573121,0.0023100701754972296,0.002500620813862361
0.0006993064953076842,0.0004797489628396069,0.015205134930380811,0.00946884516235956,0.0009608077462986691,0.01770737572774029,0.00948434167884544,0.002408280933911905
0.0023933374147685773,0.00022885147420323809,0.02138399403864266,0.004461001409909454,0.00040036699999509593,0.014318336215144703,0.0019559194193955656,0.000791970735335827
0.0019314900524015134,1.4579812892326848e-5,0.004438867741592606,0.011464549499568258,0.0007062278253236756,0.003995715499923469,0.014066854984776802,0.004723784608071973
0.002760864277208447,4.2523428211332386e-5,0.02047992763434776,0.004871752338413789,0.0010981277558123987,0.00409595505839303,0.0045484832633413555,0.006180762388350779
0.0013408343859855607,0.0006412227001431608,0.009774822716684606,0.0019274037692697359,0.012991729419574622,0.029707861822764175,0.006860179777149046,0.004666818274086129
0.004491609050353562,0.0006199579692110105,0.023861919617702898,0.0028098138041601378,0.014804157988064443,0.031659448461501274,0.0009006903784304111,0.003650743476016701
0.004004361973343016,8.52609837108981e-5,0.020435477873668274,0.004063131783290196,0.010004196717098075,0.04675918728007848,0.010619126793658827,0.008138788684975702
0.016070456575670765,5.661715484594266e-5,0.007479807020632054,0.013583110640809465,0.0023314392503896394,0.0019812499888972783,0.012786361390509746,0.006184171142801163
0.005644334302246867,0.00023980058577282256,0.03341200468911444,0.0001794466781637787,0.0038849297390875126,0.02058686415835377,0.009639787354271139,0.0015602667550445428
0.0037021814632637404,0.00012987544563018005,0.00845458632674132,0.00011576181709918162,0.009045118196757879,0.006524972798656352,0.0027690475774498303,0.0007882900968467794
0.0002951476493188538,1.928578769832842e-5,0.0004928338441506019,0.005635644349649844,0.0005829943354166217,0.0232881039797358,0.007280828623635879,0.005181231941451646
0.0020514077256632026,3.863453097356167e-7,0.0021883668241235005,0.0034611112194262218,0.0030512045510729217,0.059256793140062235,0.0019100504179380834,0.026143269145248376
0.0035286969456451893,0.00034277910379745883,0.003500503290165662,0.000217271993954091,0.020253291080556787,0.0030961235478389497,0.015115215742627468,0.003913647768284561
0.003425976387263828,0.0005401969669532941,0.05992245088559906,0.0012379918888670378,0.0026718927644089154,0.00024458842228402357,0.006214234709209992,0.003045214760673038
0.006981190498772693,0.00019808875128274122,0.038170241790797046,0.006387398517863187,0.0014244925317050848,0.026544907245330433,0.01531025172822718,0.009468239647115687
0.001020833391121286,0.0006446954881302919,0.004099019482379062,0.0018090720906988743,0.005456516155449085,0.019164091046924375,0.007595569007274557,0.007508914732198756
0.009364970563039471,0.00013880338628613752,0.02183691576717613,0.03210708320077825,0.0006680331662269506,0.012896919894968236,0.0006104165888206649,0.0031532132692079448
0.008348273912733151,0.00012966163183725961,0.0067156096853466535,1.0388604469923811e-5,0.01143794574735369,0.007730348847626914,0.02453504439493385,0.009911412181102005
0.005036431038910366,6.006272740182207e-5,0.0005166516826745785,0.005785528132571404,0.01006274009244441,0.033188796853810716,0.007135935603760133,0.0038571584296019285
0.0018047660044079308,0.00023122815607498637,0.01385815455252453,0.0023202842289594175,0.007147639485025637,0.021218474490628178,0.006504380391997221,0.0015969393747139553
0.006535859026568488,0.00017317075100493196,0.007419842291493359,0.020350853401539658,0.0038603317073858633,0.0658664789930691,0.0072411776918817,0.0006601076683417878
0.00039487969395900663,0.00016254562457619274,0.023523417057795443,0.009390612014573902,0.0005466417563070652,0.09546958580372915,0.00460073954174149,0.01015045397751388
0.007160359827213501,4.7023110304330326e-5,0.008830675305189708,0.007197575248688981,0.0008714676508360832,0.028255083096308187,0.0005368674446046175,0.00012541322048500165
0.00047972530865795127,0.00014161557596302374,0.006092211879793122,0.005653699362801276,0.003969420363031469,0.004342955879324227,0.003362127886033637,0.008880375381175983
0.006507937498207832,0.00021942864000907568,0.0020430629243278326,0.005365676767090343,0.0021087723423760794,0.05708885062089794,0.0010651224029914336,0.021079113646851007
0.0013965813581666433,0.00015362769337416314,0.011592625428989705,0.004522652317140005,0.015350431408944784,0.05441970380494409,0.006620310100795393,0.0011449554991568038
0.0007297165704501709,0.00021406490485762527,0.0015294471344478216,0.03870457366162956,0.0001666057065151816,0.00042500549480847566,0.0022847182590863186,0.0044153014412623695
0.002609357289722991,0.0013550712421775257,0.003941157823331431,0.03603922448311828,0.009652317094299319,0.007408047796585678,0.008659483763607125,0.0041325153619283855
0.0009527573356517507,1.7662568593055493e-5,0.018169769302211876,0.007506882413046289,0.01943205111923295,0.05472497406782287,0.005414121347001141,0.005727190580453982
0.003229804010013065,2.0813055019006758e-6,0.004984441692279869,0.0063374210455790685,0.0041230101261248734,0.023394028046557082,0.0005655128053630114,0.018116765260805575
0.000830572563296728,0.000523629672063644,0.006166950982508344,0.003766353527350814,0.00180454531325543,0.005640281936289536,0.0029957000386594927,0.009431193537171919
0.0021038461362478376,0.0006628071768296788,0.03585168686106251,0.00403707874780018,0.002852533904928227,0.0916399520119472,0.015343778244478435,0.013189438562185804
0.0047189056862505735,2.3872434002012704e-5,0.0031181723469196738,0.0018317168703863484,0.0013059424962880168,0.04686644387725845,0.004553713626890458,0.0030200823893640877
0.005508898551845829,9.422669847677958e-6,0.002397265705842861,0.03170531996605161,0.00230970236747317,0.03762728773139055,0.005297765091991737,0.0038550325808981577
0.0032008575709904243,0.00013107506204136413,0.015863136046833082,0.0026920894561298222,0.021449964128500962,0.005914131278264602,0.0025375626100240804,0.0006102147571326891
6.243250409671522e-5,0.000331042959205576,0.049455497227716735,0.004415396596548633,0.00026833488415103896,0.028265385023427333,0.010591634087743685,0.002598044337770273
0.004584211454822261,0.0002999469243471407,0.004348386500624123,0.0008957389946456102,0.011989338888024358,0.006554464548730781,0.004451214864837156,1.8574646248888786e-5
0.001209768029799325,0.0007414699784289126,0.007047401914820189,0.020108293147932853,0.0068253361053231655,0.0030657450129273406,0.003226490621532434,0.000574401733919921
0.006340188825234612,0.000511920171746341,0.002977741113948445,0.0006508595474916147,0.004985511263200281,0.01622218097944538,0.01403288223893561,0.0016954769773588462
0.0004748562947973534,0.00020197567078206354,0.012438242724715581,0.004621957558914416,0.0007778403298809968,0.024128322614992002,0.00803062611968523,0.008839565716807645
0.0018502515811305944,0.0003268103058519222,0.008322883949097935,0.014182552110141997,0.004808269255032577,0.043127493774694665,0.002655270973696735,8.536539023221345e-5
0.0015349419407701588,0.0009674285041793907,0.013929146602658121,0.012027847362931998,0.0012297561591535604,0.02729045008340263,0.009978067100140738,0.003678434797012676
0.0011234456992486486,0.00022095345887737669,0.0031411440701008472,0.0022280552026554845,0.011121305414331283,0.04575188845150827,0.0035456017603020724,0.0006913339578035547
0.0033366560125313253,0.0004952755629572104,0.0064951224260768265,0.014267269596070642,0.008814332812984485,0.006778121647807392,0.011233709883672541,0.0018184502806863634
0.004087428768303761,0.00036478431576957997,0.0050686095136256,0.00043236582998602374,0.0029347309840109287,0.05705631129955768,0.002104514549982408,0.0030831358914285914
0.0029267353001224666,6.928906265414043e-5,0.04322478663805138,0.012565131246003846,0.007728277402739145,0.07094433000978327,0.0005858842661124323,0.0014533607761666686
0.00014761255744900239,5.629209716142367e-5,0.009133027808763594,0.013768650811638436,0.0016442865022020814,0.0027120407785891326,0.0010682020434518431,0.002474500023258911
0.002301693609907259,6.720218050549182e-5,0.016614771438578674,0.0003944634863280121,0.011052646961031469,0.004929013720783702,0.007787696227637834,0.00770717154906222
0.002215361904576087,0.00018355183305086555,0.0009774472399315926,0.007952749265869186,0.005223856847488418,0.004475725415849425,0.0016438147039261489,0.006373922594007778
0.004785729304384713,0.0010156743325168997,0.01417974505677646,0.019416313830897976,0.0002505252405677522,0.004968917427557215,0.001582889463912757,0.007283258605242156
0.0020345106928250163,0.000351480837982679,0.0038205807544847287,0.013238246583501048,0.00024322575505385602,0.011749834542144408,0.0008818337363235498,0.0008016522267780735
0.0027511602410199105,0.0002814435911942174,0.020802939222393176,0.0011151840292504512,0.01155269519924405,0.017637325143562976,0.0035327387487264065,0.013925944426937481
0.003842748840963596,0.0001775147643264058,0.013661059429595104,0.005414294391527245,0.00019252172717637716,0.06269984938683573,0.0012410443987327432,4.288244577715176e-5
0.0016690368981625344,0.0001751051290703449,0.021117371145462374,0.010240146534540603,0.004443126782495828,0.010826286351937085,0.010147500296004577,1.5977927089563758e-5
0.005057726515583671,0.00018909549074946287,0.0008177398348008015,0.030524735028668124,0.0020551720820992415,0.03618028400117958,0.003213546299333618,0.0005266724051987403
0.0006276208208154105,0.0002669069084844272,0.00520790137241744,0.027891653421312133,0.0022805740661001263,0.04256840548299345,0.016750376816214177,0.0011610625940349606
0.00010278237606401891,4.93364659980669e-5,0.0031458991409145176,0.04496623980314594,0.003091604803151356,0.001919310537924117,0.0006339544107403064,0.001383251231360451
0.0008333119213437926,0.0001500744713309351,0.0033466280558974424,0.010315429942915542,0.008555495042174994,5.474558759494474e-5,0.0001685641361457437,0.00035986448496945966
0.0007552945698096935,0.0001342536594980564,0.008793322682260749,0.0013031072282435523,0.006616551920150279,0.01818577376454439,0.009179074985380583,0.00034809765875066633
0.0006564747247822813,0.0004326290598548997,0.008100052701343195,0.023339612046076205,0.0016166521392346382,0.02027825483454373,0.004399475840571611,0.007680956845023851
0.009590070193334035,0.00036802069701467356,0.023119836063727094,0.004431721446776482,0.006425262331154144,0.017040749490675276,0.00675063756762263,0.012999751983164661
0.004903551074538473,4.808514332278145e-5,0.0009470876596879754,0.016997182109551683,0.0012836411842613708,0.03970299619287263,0.0033159798550421015,0.01027585267110002
0.004323213774717969,9.220294028680185e-5,0.005579184033313482,0.008471777649176884,0.007645905037559034,0.0808973574658592,0.0018908670526518138,0.004017969620577436
2.724539453835111e-5,8.702415283386593e-6,0.01307133333183742,0.028249728390058078,0.011576736143071021,0.00321158212655914,0.004225602738760067,0.0034053751367363306
0.004315791752763818,7.630939423955833e-5,0.024846833324728358,0.008092731666554227,0.010605757902441157,0.019866572376438983,0.005755885514566258,0.0016940653249905941
0.0019319066384094303,0.0001480711938415873,0.0107916394841781,0.03865438342724585,0.009076627505440556,0.030143362405978272,0.00754952956674325,0.0035944923629619304
7.103821254320785e-5,0.00024772564217568623,0.025389750578363623,0.00020088965893175792,0.00844217265807357,0.04383852251117819,0.0012269254424922273,0.0033021814665852548
0.000392758255296669,1.9039412825498163e-5,0.0024683327831415873,0.0013324061060493385,0.0063734921465780706,0.041889117650969435,0.00014550597145044627,0.004288556506180808
0.016183355709385366,2.757717982816468e-5,0.005716767733175837,0.004601221087390477,0.0032741198653757774,0.0104031082092798,0.009396153926214847,0.00032516840704539487
0.0025104401446131154,0.0006543010548308918,0.013081635071809516,0.009559540618919945,0.006752135779639512,0.027589728203723504,0.02193010059782146,0.005814244561004131
0.0006333685454925436,6.241781863406425e-5,0.024731408477769553,0.004573918103661592,0.011877991104216173,0.004582187768784664,0.0005222493629078993,0.0004860204817590127
0.0012167685556546293,5.847335711335829e-5,0.005432608992424628,0.005543663077964781,0.016466305178084575,0.027235718395492905,0.0043438958116377765,0.013785630787256205
0.0012246337279482314,0.0003582127721209793,0.024481565611172512,0.0004190078016261171,0.005344776278467487,0.042186546869793215,0.0007403599682635632,0.008767590302006804
5.5036695312268414e-5,0.0004659536229996402,0.004916874495761224,0.001066096941503015,0.0011150653298003085,0.0003895093366473301,0.009721169819430626,0.002345788663604601
0.0016812715222203245,2.6028840649663954e-5,0.009284686022394531,0.0014998463697064065,0.008979604772197405,0.00015186786160973639,0.021062528992135884,0.0002546503360938722
0.000611133267267344,0.00040410619433296736,0.0005868284204644862,0.014653811066256276,0.00027310499527446764,0.029497443883959844,0.018262727638247687,0.010261951401365467
0.0021169110903547094,0.0004028412094885855,0.020645100563464497,0.019564879378887564,0.004610976456977177,0.051954237408512634,0.012367520600811834,0.010893163931026023
0.0005052833702173826,0.00014362955455664533,0.0030696839284035677,0.0032508529865559917,0.02216325279795439,0.04376083162886316,0.011235638652950429,0.0031849186225380065
0.0008701501073137847,0.00014580164261266876,0.0005495956365757651,0.012619481119244002,0.004000308620804,0.012579231147123742,0.001446778820819346,0.0044893915556261325
0.0008805650078949063,8.215710729492188e-5,0.0014412446626813384,0.0005730321202389448,0.009091530314930894,0.0013573105062126968,0.002562540705795752,0.007769330554218991
0.0021659781229041762,5.992051854557341e-5,0.0015132212808426305,0.005018271145337753,0.010307798334639993,0.004408571095567192,0.0013092024534576067,0.003004304609456078
0.00045835536664184083,0.00012608936814807408,0.013184142724652131,0.008186449759956266,0.004930646088939468,0.002524916766348179,0.006499516850875622,0.0045723835292915994
0.009429740698889926,9.398554664618015e-7,0.000495572607629952,0.010922428654470896,0.010261038959743408,0.058072626309272,0.008804324056675047,0.007054528349741461
8.87082714762823e-6,7.843979431187472e-5,0.0157928476113739,0.011205551296308845,0.004738872006827191,0.002016306164275262,0.001016220969259922,0.006078337532143697
0.0038045867190040408,0.00045319029320501286,0.00015897600683224624,0.005479912216957681,0.004456799737120138,0.03089207786592055,0.0028970546625250513,0.0008634763734311125
0.0005204705606958122,0.0007401812298241602,0.00551708955366408,0.0049599655879038985,0.0006241154790175365,0.004184685441954454,0.0024181792906498517,0.0015094969206984365
0.000816245753589683,0.0005476013519252501,0.013186339271533237,0.0023496201517506214,0.0010276331402153415,0.09506726732237408,0.007382824530587143,0.0045159139921235915
0.0018715685991949008,2.078559901399425e-5,0.0080780783235091,0.003902003735285133,0.003357891929377347,0.024833796302711035,0.0015421472969390844,0.004967645833651253
0.0009166317370936945,1.1627472726896421e-5,0.030333678473184307,0.023182461511976324,0.01024862386264911,0.028213912626350236,0.0013728713707656971,0.002448460749686187
0.0017668729705692127,0.000495445684563449,0.029254186041877118,0.0004965050469863476,0.020684095029245238,0.024146589689205012,0.019157601066479072,0.005926364411485351
0.0010619251717087393,1.4341233970050986e-5,0.009893518760092057,0.004857795489133839,0.0027392286592466675,0.029480833278479234,0.006720976562984256,0.01017313867859852
0.0016832831145088883,0.000892163803138184,0.006189538592038198,0.018629574066106356,0.007690602427782528,0.06676143063261313,0.004223697103826043,0.004759220603823109
5.5974646081069066e-5,0.0005763012415047399,0.015946132995339903,0.0011460029466083296,0.008009022786686732,0.021132578757384363,0.016070592318811062,0.006830241326412225
0.006125820440201425,0.0007316273712162247,0.0017635824867579162,0.0023302026386596525,0.011973531893953082,0.02032224571890056,0.007367929238146369,0.0014870671017225177
0.002281919182617456,0.00010672069042345207,0.01807640338377055,0.017048465720706837,0.011802091382452149,0.0005906948708152387,0.010732776874228219,0.00273248817869535
0.00017004505068936442,0.0003564814203257667,0.019257714962991192,0.007804519192751063,0.003799290417888082,0.006693717184229142,0.0010623758838521334,0.0017247257445818932
0.000610390793395847,0.0004487975840147289,0.022946015083835463,0.0011985779324792448,0.001675958398020691,0.024042883400148395,0.023909834772428078,0.00039750490302762964
0.0013893083156729354,4.4585728566135225e-5,0.011748837701210525,0.005603546264029589,0.0023597413236124518,0.03285619918792934,0.005226454119073012,0.0034901139197213563
0.0014987893502415026,0.00021489418824938015,0.00341487668090516,0.0028083668697169266,0.007594265206820576,0.002692181538360493,0.014898308929333573,0.0010095728642011848
0.0029935724598804717,0.0005711131708102176,0.00929272712828092,0.003993893058374248,0.004471905746045989,0.02290971792746341,0.005292014959535886,0.006658671193534957
0.0004242213647662936,8.165857204697297e-6,0.018393381802613924,0.0008133897266380309,0.00116191176101909,0.0023740778049996117,0.009015579244349758,0.009390685993530993
0.0025543624301587902,0.0002279082975318156,0.013001680785631877,0.008523354996305965,0.011451569260619824,0.027183240102534006,0.005820783469960154,0.0017919388342243305
0.0017643371138219624,0.00026331093828209845,0.03703443117896302,0.027069414917994243,0.0034745430788018622,0.042569519519343756,0.002534510327594648,0.0133514128235972
0.003966716845781512,6.296997145155121e-5,0.037889173355697324,0.013164060148971502,0.0019873604054748794,0.0022107390074985528,0.007417548652426892,0.003548868408500452
0.005472106195302675,3.972483125140541e-5,0.02536374489027747,0.00018450444919311415,0.011510123930399864,0.037218810380350825,0.012514428912868837,0.01771987451930532
0.001141443240746036,7.16443769605273e-5,0.019861192769256686,0.000377784615183706,0.0020877429833478373,0.006100508284982516,0.00461231719618333,0.00020707998789758523
0.002096610520974687,5.9776570536533834e-5,0.0014333322399954658,0.0007409650672734493,0.00021607807787920254,0.008600869449764615,0.00102908496022457,0.002653087627070032
0.0023418964253794495,9.469443476840934e-5,0.017095596957066313,0.014173008188670646,0.003547641649238521,0.0365197047891821,0.0007374340775460095,0.00803294560101264
0.0035931229018780334,0.0006441201759437559,0.017995476598972698,0.006316072215220408,0.0010994177155799955,0.026606478264631906,0.0031701540577883497,0.009281412273854962
0.0025367066142378534,0.0002669522189027263,0.014526685585342184,0.0006954086623223053,0.006221973876773308,0.002693372411079963,0.00648105900239059,0.0010799683866191756
0.0017773458532429098,8.677000150931538e-5,0.0065649104882544215,0.0008526440776914089,0.0008441300736287447,0.00790908491524864,0.017229336285353992,0.0025971745408807645
0.0010842177077201958,7.212739773669369e-5,0.005613259209039435,0.00690285929473323,0.007072403682943068,0.031583813367071,0.009578601462498667,0.012760484259490588
0.0050551042782312,6.0434379746119855e-5,0.029683319270138692,0.01327459935904209,0.009511883883064651,0.07382844873343364,0.008068646499504393,0.0009899198996824613
0.00023413347139735486,0.0001565034489659316,0.006071675044745825,0.00021310677082063038,0.015756123645803182,0.0012974162470070366,0.002633819577141597,0.00647249061422774
0.004698657874048886,4.0147736386085126e-5,0.0016298142185365277,0.00019539302094210783,0.0007509156832639462,0.001144736969664783,0.01164231090989343,0.002242478943860128
0.009322223303345681,0.00023875117735883177,0.011740916318982716,0.012850034480174011,0.002189656411006969,0.011124810994521596,0.006477815110882991,0.002727277400477994
0.0020795787378731683,0.00033141822084115433,0.00915627087024785,5.0269367510729507e-5,0.0015312230502122915,0.010022742251039553,0.00010482097405855317,0.006854695426075949
0.0006541805400998367,0.00032706754329308874,0.010368656807394351,0.0016065389208937163,0.009280381539057017,0.008826722773260371,0.01840546950609786,0.0003536726219786646
0.002794983969090582,0.001049594811131713,0.08221366525415809,0.00565449753475357,0.010528557798239066,0.0004179335952612642,0.004978224689233479,0.015867762745002217
0.001698916200321595,6.0378561920538404e-5,0.00137512554846395,0.0006740804017082126,0.00013410570506510865,0.013806279807123354,0.015973013486934216,0.005235485479391277
0.0006049350397450304,7.900654707433508e-6,0.018049608473912727,0.01784650956614997,0.008689288712362478,0.060486019271683504,0.007118808142646617,0.0006957777912905274
0.0011807391686378653,0.00024116274784745953,0.019207091338801507,0.005190849864484501,0.0022126378339261555,0.04616628264520543,0.0006434031326482893,0.006993613463692765
0.0004936352479979081,9.586321253300362e-6,0.059984331841659196,0.0001831453771103226,0.00016369811807536098,0.022222672269074057,0.0015696471099476458,0.002360855790021413
0.001075489254026762,7.016604307012158e-5,0.005715910510376872,0.0008418905459297606,0.0008443488754394939,0.021059258178434664,0.0022781069013459968,0.0004638315764666117
0.0028278578103920773,0.00011423162230048362,0.007370062401142588,0.006201327562774415,0.0028922693550734206,0.09908894945399616,0.0028052319282123317,0.0005033270184786268
0.0021372586382132678,0.000158388206511812,0.002184598601469998,0.0024326198888943687,0.0019859429384377937,0.012535835779811082,0.000965949769183515,0.005298044610736469
0.004148782737829072,5.0125721202520134e-5,0.03077603316027375,0.0010281461594483562,0.0006662010133541385,0.011081053877995297,0.009529306394303863,0.003312535723642324
0.0014251589764713176,0.00036811985063694487,0.000316214418786853,0.005824411859804836,0.004828896102458966,0.03254200414574842,0.00037803084867126717,0.008559271852372438
0.0012228215856808682,0.0003955881881039569,0.006256140859398037,0.007532763481533734,0.0013744721601280617,0.0018758398938654324,0.012791607621717669,0.010573968502991894
0.0013258262677600433,0.00029493572707694744,0.00450498515912026,0.013123349623378687,0.006835807491088451,0.01919227200641416,0.0005436695945890615,0.006219327697648909
0.002322251360100183,0.0007127819326794895,0.01232866305536101,0.006658172457684223,0.007437154988565539,0.023657623332147482,0.0020755256154320226,0.00218089517866198
0.0007774881609166857,6.056340675797835e-5,0.0046573397503400366,0.007402817866488998,0.009954112056029904,0.008857869448392059,0.0017977099988484943,0.009598616706825035
0.0029594687268937395,0.00022439179682894321,0.02920419527928969,0.025023755388953912,0.01092434228993539,0.01101706308099511,0.009764625675488975,0.01271746034017877
0.003937614436897924,0.001238392072652124,0.03222313921299151,0.0009558811399616025,0.002919348683942812,0.027537854398327514,0.011838429664984744,0.008055966764955423
0.00022177653567141123,0.0001988065275617169,0.004078273881048087,0.0022464155125073142,0.015158520554147856,0.024588973209396594,0.004336652067821418,0.0011965899956739698
0.00011755871263278792,0.00016141497681573997,0.0009623824773624176,0.0048514423197101465,0.00463279607712308,0.03155549162307104,0.001756392138372883,0.0043027089093695065
0.00724887090947084,0.0015952649624730532,0.00564117614476882,0.0017775600441860984,0.004952612810916059,0.017253480595393965,0.0018946582026065407,0.004320156534339992
0.005361777505375886,3.862731797755676e-5,0.00030585961678318335,0.012242062076665637,0.004988908898686364,0.01339247857152573,0.0025744362266195983,0.0035893941253261246
0.0017356858283285783,0.0001271189916037977,0.027630930462068642,0.004956418635093934,0.0001556523219350734,0.03202730226386471,0.0011334996768636468,0.005031207166386789
0.0024900797045419682,0.00037466082145234627,0.02721353018391294,0.013429002418023276,0.006692557459370123,0.00819248646098952,0.012368038360133992,0.00028438962420998775
0.0061482917519690055,0.0004407189978927102,0.00823302666209755,0.013227444618066452,0.007870571480241432,0.0350182170965336,0.0025705720871401446,0.003320573971708739
0.00045180592800829337,0.000543329344147408,0.05165404878851023,0.009619250649384913,0.0019522047108464955,0.0647808909456174,0.0073871418584531695,0.002512260232685763
0.00559529815670909,0.0001827323249502266,0.003925003047370227,0.0009126680528214609,0.0012707062548543127,0.014267262504945356,0.002214713318887708,0.0030581320585533205
0.000315225275027727,0.00026792461353268636,0.0029291342982431866,0.0017283367767904289,0.008904420510831217,0.03249497308850907,0.002601698356803609,0.0018143615525767357
0.004662955691337269,0.0007149746454768876,0.04352011089245349,0.0034914730490814,0.000951891805703158,0.03524605635766692,0.010049204356294748,0.0008321312981110233
9.175533533968878e-5,0.0003070014398525223,0.014090747653398022,0.011081209814813989,0.0006085119301945948,0.01175216037652905,0.0014571869761279893,0.0013502023942847422
0.0024021863187408225,0.00010496073669246228,0.006630898681093778,0.008022738068452929,0.011170376305558961,0.0013755070988650117,0.022414909470686244,0.003438080601967922
0.00015760143037544307,0.00047419891626560197,0.013406927308752476,0.0011881043125661509,0.0022404295329795727,0.04038686604820841,0.001021087551303674,0.012341091759050127
0.00026682815487843,0.00014696019221693645,0.0045228431142578605,0.035417496821919664,0.00508785809660685,0.0038862792156387875,0.011655749648773518,0.0017187794455065459
0.0028218100320304518,0.00014967657435113537,0.008215062301151346,0.009481004466285964,0.03365543801506537,0.031069036609020412,0.0024410935307014976,0.033648685158244485
0.004454668337111668,2.7285877828204482e-5,0.008333671493608329,0.03303945632699184,0.003087627381515222,0.014200366260632917,0.00525008663997364,0.011388187811844697
0.0029140900009504284,8.942119845305386e-7,0.02156865183040037,0.001390328966065057,0.007953882836173567,0.000378710514106688,0.005683971598052661,0.002325373337749525
0.004378198732986129,0.00013350011584029216,0.0025142913350602422,0.0035539051798334897,0.005624255600094812,0.012526544814063333,0.014764741607665865,0.0006057252962899442
0.0032541623151813386,0.0007579935928246238,0.023019749067696285,0.0014380604044941265,0.0016338517617066578,0.013059323829704053,0.02360006288525414,0.0025036165744386127
0.0027630911525749965,0.00015166925780171826,0.03235378336071944,0.008312822074678773,0.002252925445142076,0.05338218603668871,0.003240719502917626,0.006028219806320841
0.002828753276436065,0.00021190171160065954,0.05127637573723567,0.01850996738149831,0.006285024900771473,0.038592599186914475,0.0017570274951003507,0.0024078584933407998
0.00031803033605841923,0.0008489823880441215,0.01719659874747013,0.0064445169663036395,0.0070825984493762375,0.022980673340534868,0.0028133578318789883,0.0020463818231377722
3.700009103078162e-5,7.907587324187453e-5,0.0429760954115013,0.008079583755201196,0.003579501943124911,0.016520386837434148,0.0009265475059882329,0.003678414460058915
0.00020904000085440917,0.0001142605926544769,0.030562186274013227,0.0010863322335543778,0.0020839130483323778,0.017871397586749438,0.0009896564045695532,0.0011621303860738447
0.0004717177902302485,2.4599846645058053e-5,0.0002669854850494826,0.027242506743914256,0.004022561872690187,0.02357816160919855,0.012984799881531551,0.00408598718983536
0.0012596890645998789,3.0065607246184934e-5,0.0056593572081617746,0.00798660716740143,0.0077366680362315095,0.026840139908637404,0.005192128240630962,0.00029850766871566915
0.002489954350079836,4.8461587380984545e-5,0.009271034739468553,0.005382648808235555,0.0008750315005277646,0.011237960811356017,0.002620917746898898,0.004791374295319015
0.002214218405804956,0.00014098232486673632,0.005672071392321007,0.0017428257948807317,0.000833808673568973,0.055245971461617284,0.003174769639996941,0.004927339367595945
0.0014621244936204793,7.004574902091116e-5,0.008639023932357246,0.0165305713012972,0.009679888350495597,0.015883584643511493,0.0019468131494664478,0.00035404071058116814
0.0013850186362991963,0.00014481788137424132,0.028230724411974613,0.00017182654428062147,0.004528198121579074,0.004795130346349849,0.00555753157967727,0.0013811731585763355
0.0018298034276014825,0.0005111664460210256,0.008559356841813774,0.009944522174375539,0.001390295900204192,0.092130165971154,0.004170773829993133,0.001790086482103974
0.003623455057724262,0.00019572704452472544,0.02269702461537365,0.006228331313362081,0.0008807945459821789,0.017988751090687927,0.007661584651826081,0.0001573216680508912
0.0002526266055826569,2.5111354311830154e-5,0.007247446646165047,0.012862372396130126,0.0022611589569528053,0.07804684276132587,0.002506871285723331,0.012961009681760133
0.0010113088038459165,0.00045946760733196594,0.017276798652128285,0.006774696505806869,0.009405640715708288,0.015883663787059563,0.004927817809513082,0.0036578453393585723
0.0005362269922349978,0.00015689350428656305,0.03474165592515925,0.0018522085790733185,0.0015311686358220344,0.015107764641749385,0.015305151518176833,0.0010980015199850424
0.0063185768375223755,6.778766268594175e-5,0.008462716727915714,0.0034852673359908612,0.002976207488127052,0.02000823995221767,0.03689222206112421,0.007248973842958144
0.00022732771117926005,8.73298594926152e-5,0.054809675122951755,0.0018174276183230119,0.004714788212133312,0.08108662398812018,0.017976655855704585,0.0112565347306727
0.0002371456764438221,0.000373393313295737,0.010558409636309933,0.002167720243223353,0.0014751473465906284,0.03944364334245509,0.0029122950031150977,0.0012941748605480605
0.0035757843416610417,0.00017207376052191182,0.0002858965255002123,0.009183655157612956,0.004948542785183748,0.00036575246795488725,0.019925604913258767,0.0021392280772023027
0.0010861897330704435,7.851407064560486e-5,0.00018517302824079087,0.031910557821019744,0.008272417749466054,0.04673063784843905,0.0002835530304661904,0.0007898908192937311
0.0014109290147458538,0.0004961439761863365,0.014806531204639067,0.0037036795001220693,0.0026206520472538556,0.009511877068038431,0.01877975490305963,0.0014422029680629955
0.004832879890438827,0.00011120553996539496,0.0013550088910048868,0.0044052246372605856,0.007716272218351331,0.004546227136245797,0.0010777411058000667,0.004387189353501295
0.0006911640170476355,0.00029452617402070483,0.018002417804979496,0.004171053667581634,0.009953581847390133,0.07768474387738304,0.003342150554970175,0.0014184618119049794
0.000503949736945238,0.00037581048318339306,0.01171562755540823,0.014275346076832016,0.005096363535901552,0.021284656663692367,0.029148078819015443,0.00643754471175826
0.0005325257952514532,0.00020886202916315183,0.009592246015356026,0.00427025142604443,0.002997594637311689,0.005966901006754695,0.0026890666880308245,0.0033972697259370844
0.0018636464774184189,0.0002741266343736811,0.01099582700056687,0.005110281664976882,0.00612781031598319,0.02276841308075174,0.011501922476590778,0.00798057950164293
0.004966922405421744,0.0007845689669068362,0.011342982622989517,0.025639648080639458,0.006170104318811971,0.029345974426229916,0.017143648632212287,0.0016895683443717273
0.004689502850206187,0.00021980191939624215,0.007750989451963282,0.014698830757559072,0.019414088016724836,0.02601412658626106,0.009984117467870658,0.007585991371619627
0.00270512964076213,0.00037699732605075547,0.0025137862583252306,0.0025585662021689673,0.002255191703242364,5.5126829878280475e-5,0.00046738679585522794,0.001165218747375487
0.002269917753760491,0.0004904658152071476,0.017549671205563642,0.008273416255943428,0.014100972256452937,0.13698540236767898,0.0032648959340636336,0.002735663875053975
0.0005026974299143688,0.00020945232867944206,0.03327978742303321,0.011628702045158958,0.002127879227884651,0.0674462808810492,0.005181669651322277,0.00206590646313624
0.0027632641120101213,0.00020773464333281806,0.011524554016494997,0.008006227183804409,0.01815714863077988,0.03311869080581374,0.019542511763767367,0.00147627810024453
0.0011316428706054486,0.0001703995130345837,0.01223434914136141,0.002170919284697145,0.0032612346958122776,0.017264320207321448,0.01933854085928611,0.002146277279662504
0.00022810038725876815,6.619788300269515e-5,0.005448425562668707,0.0024239959445319682,0.004438076054168405,0.06046467648760597,0.007385372399934427,0.0075885340069445535
0.0011952308368939433,6.620454372368102e-7,0.07919322543225518,0.001945001982808451,0.002011783257685178,0.01695585701738897,0.008713709748690865,0.005331854936659186
0.0006267588388531135,0.00023232124108084728,0.010401121958633854,0.007806125029634873,0.006192656951521813,0.13784753521044776,0.007286379140168086,0.003632484788613168
0.00398084891955906,0.0002755519767750038,0.0073945664828649425,0.0013299851277444258,0.01138324192715279,0.006562600414038743,0.010854307965689553,0.009343889787872322
0.0002776237194186374,0.0001287416183581867,0.0076764231480820865,0.010999965779330078,0.005408687158769386,0.06634347555001276,0.029568463547935263,0.002626609050382165
0.0028325212853809656,0.0009200692786471498,0.03313612281591958,0.022481665092214647,0.007903585043350059,0.027574628797907164,0.008763310003864346,0.007838874003196446
0.0011474601946137376,6.39551585647321e-5,0.007987448032481578,0.019055480294459613,0.000613458105687771,0.03410016235522463,0.001050742111655219,0.007433311596672382
0.0019900051761873633,0.0006361025737577142,0.011834525532933174,0.004828355890734708,0.006477516778836258,0.028181627594557793,0.006412408220952454,0.008145246166885113
0.0019617723573011107,0.0005673858708280288,0.02756755320898893,0.00025955108679093697,0.0042649604060362445,0.018891188011936306,0.006409232803424609,0.005243262472449367
0.00636714367596271,0.000307163350527369,0.01282955161146182,0.005107562238935574,7.656483044001768e-6,0.03970188799356697,0.0015169985202555414,0.002192371102078808
0.00351169789145524,5.041606002642918e-5,0.02616704074255594,0.006543136718294807,0.0013438131841650408,0.014939155199995852,0.022160008555954996,0.0019700798789284457
0.007061306349618058,0.0001076264760600712,0.0033987960360072084,2.4644472916217586e-5,0.0017942699608747175,0.025285904455198783,0.008924997616050931,0.005286779837232753
0.010513723115231945,4.359052730588927e-5,0.012391375656739152,0.016187747757159397,0.00127312392182985,0.028674582716360444,0.001494095715684605,0.005643392700540317
0.0027822793922106853,0.0003048357692800753,0.006439286210658107,0.004279871119161434,0.007446826869976129,0.03065651195899181,0.003974349631336976,0.0018999544255975515
0.0016742088463216395,0.0001528161565933365,0.020016693080619898,0.0011182669705511778,0.004006282709399745,0.0418265786753739,0.004124963414620273,0.004011515581516485
0.0008066660569436936,0.0002582740172165492,0.005983753482184067,0.016275713590468543,0.005431820970137631,0.00878128461745658,0.003978569371030379,0.0032026803335116266
0.0014576126849020717,8.505778653103953e-5,0.022045936238473226,0.0040219247920863935,0.021550286861901646,0.010421646992988079,0.0007575517722889453,0.004051702521041744
0.0014210197159362507,0.00038548163279257666,0.0052751690479181735,0.008883713039901637,0.008040938206076516,0.02736945036479905,0.0019000724820404714,0.0015835214361970846
0.000364515315819754,0.00016906606594537153,0.022004300064425147,0.003512381789591603,0.020928735249523763,0.007503700374132144,0.019608350588015144,0.0045611077194691735
0.0010174966019080673,0.0008565562599947781,0.030190104749382315,0.02658534457342213,0.0022626071754765983,0.0019539271503548647,0.006189320912307,0.0007118631321996836
0.0006432573096227993,0.00040674578666325106,0.0010728932658829156,0.004149557075161981,0.0011629264772765487,0.03894679650950123,0.005712138232892083,0.007072854798032172
0.00038183149230944447,0.00015839012942250806,0.018158767197093986,0.001782955811389687,0.00406711646577147,0.009634622366193469,0.0022873450622664516,0.003035891341024812
0.0011147970061856848,0.0007894035850442205,0.009667173196182315,0.006399629598544612,0.00187878828547689,0.05191149420643469,0.001314770305517167,0.0014550177103942105
0.0021600389213702062,0.00030572440085888244,0.003170448005268678,0.00503610153847108,0.010760633314364507,0.034628371663610616,0.025563687168807806,0.005821465027787995
0.0018568094620556115,0.0003619649884337123,0.009705994318414173,0.016193599088783147,0.00942344837386395,0.032114357941678016,0.0181007674881888,0.0012535812293712361
0.0004051768803512818,0.00026015862078412877,0.010564570971248436,0.0009518209403549385,0.0023794395579697395,0.044781175465017455,0.027768677926876265,0.003693366157321535
0.00021524533765031234,5.6085520363246805e-5,0.04278124304485903,0.0008946683979555979,0.0022904549674685943,0.00036008598320826053,0.003300054966555649,0.0005759718060224263
0.00010094156004701683,1.7332885061600065e-7,0.0007631931238570916,0.026766826007611322,0.002031161250920502,0.05312049698098059,0.005313329535666316,0.002570736776697527
0.0058739483631366,0.00042124793315136876,0.027193067141990598,0.020335816764327833,0.0020287932272651473,0.026840243125045626,0.008840402814760904,0.009614345657518229
0.0007491462588144601,0.00031531693709191286,0.015369996322991316,0.0027918236605335867,0.0018516190930685545,0.005211615367541075,0.009503652333516497,0.004078346132941642
0.0006426012774247316,9.670521090855556e-5,0.0021963776144879096,0.0064159391784112734,0.0018843043408643314,0.010906453803345784,0.010253225939247514,0.0022653271231660474
0.00032000796448159206,0.0004401237892396286,0.012188509968635462,0.0008365799718105302,0.002484575367506701,0.0037112546306690393,0.0005131874180605343,0.012591386502145908
0.0015326405090412985,0.00017863425631328567,0.008951848634809363,0.018905801361097378,0.0024526759275975757,0.008226754328799336,0.002575178943551179,0.0016505518733574477
0.0039003795224890445,2.6693047900903388e-5,0.036728155998050856,0.004195707885617588,0.006781287323164709,0.017118464940167635,0.011845033019180731,0.003692370167097555
0.003994676398368627,0.0004159825744929288,0.011668891180388581,0.0009832883047327682,0.01794204187604092,0.001308338215527153,0.004441139611830048,0.0036056213421085375
0.0027087137737974,0.00018661577335545674,0.0544722997753772,0.0006457007302222471,0.0003596904968553681,0.005691005434663028,0.005346615941889083,0.0016258971382445459
0.0031807869059291196,0.0005474772488397628,0.014047353272514865,0.002153207726943472,0.015185626546353434,0.026476562067288805,0.01619081579719833,0.006119057489464795
0.0018701019113108739,0.00023653404488059736,0.004376623391517488,0.007941672548966308,0.0012865693471730535,0.012944280460548975,0.0018525873003708503,0.003499450427309481
0.0022503176440049053,2.503648746989317e-5,0.010211406234018491,0.008239227381477046,0.010979750402069832,0.0016420539948936053,0.003260697353966277,0.003425428826659745
0.003870733661806355,0.00015970141146629026,0.02965251910036504,0.0011822014931397369,0.013147185745886013,0.04467216433754671,0.00994252219890427,0.005980806458124192
0.001825177664987111,4.267846689501515e-5,0.004546903583122291,0.005744975389365272,0.004904803188764151,0.010314331286239712,0.011862053961987489,0.0008343552050699601
0.0028995852191172375,0.0004638222461511782,0.016873443682862744,0.010180217174224447,0.003181064990745362,0.0008317937989135806,0.00487175539018042,0.0003039281742041439
0.0033784593965785507,0.000655246910388521,0.012699509556951752,0.024603923339057893,0.0061691852881969,0.005368461433161768,0.009627961918193947,0.003462037932265699
0.0014896476466635512,0.0003697207633010552,0.021767174893482826,0.012615554517076197,0.007101857709584012,0.008332412078894942,0.0007175016548975887,0.0005409326351467121
0.0011083891203660329,0.0001861282398960138,0.021867116471671895,0.0022884670905388106,0.008146798986970577,0.03051723580011224,0.014022395995705894,0.0046928602525975706
0.005277696619897434,6.265517433274864e-5,0.006374675048553587,0.009685588965181974,0.008850403011180048,0.015014905463032866,0.005595223609962203,0.0011825349834895533
0.0015196495122731014,5.232456934998698e-5,0.0033304215190729197,0.013436722373606939,0.004296168891961545,0.004922033976670577,0.014241334384559623,0.006322609353709253
0.0032060604135231265,5.3909006435739116e-5,0.0004087665191006077,0.0020302325015607928,0.0014284569993403197,0.011324731666389865,0.017808799554450316,0.005734854173928672
0.0007369265115121911,0.00025748661563104627,0.030845060669745124,0.001149206623981129,0.0031427972108682813,0.018810897813477855,0.00238446905124667,0.00589022987910206
0.00014831761478311653,6.27260541841435e-5,0.03995398570759972,0.003052329297723268,4.851958833529137e-5,0.0001929492958298397,0.002434514823210508,0.0010531308743564744
0.0010285916006555445,0.00010971828055966116,0.03764014683051849,0.01730996838249118,0.0006781885894434673,0.0039001096910985015,0.0013641649905303472,0.006713334014912599
0.0012926351837648428,8.276220271146155e-6,0.006970880473327409,0.011942379714008479,0.002456806074637083,0.019757844716067327,0.005171767690949188,0.014790319611691858
0.0031196776055732785,0.0005286255148755533,0.07913649302773353,0.010908776617038542,0.006986231358145249,0.05166673170387122,0.005516212674053769,0.010724888130376822
0.0005615213472828762,0.000671829607953842,0.022643141991301033,0.008230818945997415,0.0019092381135737283,0.024690410055161364,0.005731783785761151,0.0034146305807839484
0.0003701679020391825,9.572001138756213e-5,5.684101831738471e-5,0.008988507325944323,0.0001784179969400664,0.016553986807417934,0.0024432467741819465,0.0019246450182613618
0.004698448666707,0.00015491815477253302,0.007106394744004084,0.006733240692755315,0.0034525984122352757,0.024921790193902872,0.006326943219754576,0.004175642566470181
4.457048457758491e-5,1.5614401868985218e-8,0.03799157930353699,0.019002530586779812,0.0014399194724030178,0.0491907872751026,0.005611916437276519,0.003803331615462115
0.00026304855832999524,0.00011424919346512258,0.04198836603289486,0.004346697231792297,0.005115936944243905,0.027262598197954367,0.02256943261533183,0.0027876732834096374
0.0026067256450067774,1.1887156987142098e-5,0.03770507281873583,0.006338351543584722,0.0016320427148548114,0.09933368247167784,0.003169458292564618,0.015303557031694575
0.00038190769115303066,0.0001848996360263421,0.05807228313239173,0.006920011508546861,0.009517793966730664,0.0059748493870871965,0.00014287759282393352,0.0005505481627526331
0.002042538032324449,8.1760561420393e-5,0.008577545448193167,0.0036029949147859184,0.002954159570090673,0.0034144314411751362,0.003051872234022745,0.000490327159707861
0.00556097056903812,1.7074509190245696e-5,0.023771419453487864,0.00493434279009194,0.0005396999219198462,0.010887164264792526,0.01338648392592364,0.00917855491448662
0.006696198974098539,0.00018214026726550754,0.01568378203731167,0.005802472414320577,0.00038591770539549077,0.02521050439786434,0.005414150481030665,0.004495341582643366
0.0012024365802041671,0.00019401889108937263,0.0007921136558522067,0.0026383004887483527,0.006819985634585495,0.028263929656097874,0.0011164851260466926,0.010565784920185143
0.005219077765387627,0.00018858031455230197,0.01022150172651345,0.0017119127947728375,0.0019028501623918018,0.07827395588056404,0.006151757327420683,0.005472559352233088
0.001292149928965879,0.0010933045452844266,0.0022295701518497447,0.002117005591946233,0.0018885268452558794,0.04285411711514391,0.0027877244161019416,0.0011278195421757637
0.002541791758140147,0.000583163881217177,0.01431403855291609,0.005028018518695506,0.007247898919965652,0.03614562539028309,0.00033815007968890354,0.0017192719676875207
0.0033740232832791214,2.9455765484822375e-5,0.019922206816130234,0.03689570756346383,0.0005339739530294859,0.02268906346539355,0.008894283013305082,0.0003413913361302635
0.0013563281821576565,0.0001767202141049004,0.005916232329222943,0.00173192233372245,0.00010401947941991327,0.010280311365451949,0.004373016144997523,0.0017739328421798987
0.0015009397409781072,6.0052898281388665e-5,0.01750609075560748,0.0006836921009619419,0.0011602964660152163,0.056288315134867005,0.00024353140521667042,0.01253905773779333
0.004118590467623558,0.00037485176035562996,0.0015064551863676224,0.008672863080151567,0.007004934195140549,0.030721084010619137,0.005004875800520242,0.008786403097894364
0.005005846464575555,0.0006795818032170057,0.04045465016987838,0.01196113697358572,0.00019220483749474355,0.005721445812157286,0.013478785797366992,0.0039035435345396124
0.0007901550339963761,8.47874961144106e-5,0.01075763342505178,0.0017644272632496498,0.0015579293322423645,0.018966551616969876,0.0008995038457947394,0.002688348207578692
0.00010200400534651381,0.0002942591597588906,0.012994894840537265,0.007661125442343435,0.0009616650353550122,0.008743054647865907,0.008610360755856137,0.007173031173973238
0.0033446343894506384,7.215229207783294e-5,0.010169971141142679,0.04739349355215346,0.0018737507118179782,0.015811817029140116,0.0027845365814114635,0.014479808800261918
0.00010200679498046573,0.0005276823829644053,0.021464805360558746,0.002767537699083213,0.016104491258102697,0.04542650103861321,0.0016166585323365932,0.0015272986124122588
0.0035487937667340783,0.0006296873358830282,0.02053446376046549,0.010683596447567027,0.008710518814729645,0.032526882552334206,0.014939035329809405,0.00020863827422083024
0.00013987910996207987,3.6875136908426856e-7,0.036496103634485626,0.00798559029801268,0.0011350963537349566,0.0009580634868945574,0.003437738523831809,0.012139434080620053
0.003600929151305853,0.00010264910652162316,0.058459447865224314,0.00855309167054888,0.016836897546845492,0.02459978333936469,0.004654193658515973,0.007299329435043403
0.005343309869878229,3.215222831673318e-5,0.02455997551676278,0.027538616642181116,0.016540207586298504,0.05144456138133108,0.002558103597477277,0.004359978371664883
0.0013589558029979028,0.0002570338787518169,0.017326114847001937,0.0012406311648975367,0.005564949487426281,0.046788472597250275,0.00025062294139399643,0.0031723596324269754
0.0009700963294918066,0.00011402702646443038,0.0188443263660206,0.013240833189012794,0.0003797397463844335,0.008617145774996525,0.013027207935190695,0.007091238820054618
0.0014604909113742652,0.00011432169699263335,0.021940783191924842,0.004778899416383513,0.0011870735443830843,0.009689134787654785,0.008933519738910874,0.01151507858196002
0.00036544546262768393,0.0005427691053518013,0.014083861787004697,0.018011352669537913,0.02268679773090637,0.0013126839256195,0.019059255904758064,0.0012585466129654678
0.0024912167857918804,4.12827346809887e-5,0.007543415240249848,0.006177729093657413,0.00010625239798355479,0.0008354376564974809,0.0014356502825647278,0.0029287566907375807
0.0016444077329302509,9.867419513587501e-5,0.022731101260111967,0.0018143420173383773,0.01259869886394842,0.016899484074057225,0.011640031361098329,0.00515247295027323
0.0016825510931716943,0.00012964733357213166,0.0677740490847932,0.0053173788229819614,0.002049742492920782,0.05098457078019143,0.01842507683995254,0.008843301548205357
0.0005001705457482103,0.00010422383422978072,0.02856986396988455,0.003189090787472669,0.021143232066703127,0.0015874973711937693,0.013508094037512304,0.006811726552588114
0.004540244819341463,0.0005732210247051896,0.022685961390251166,0.010903797079158686,0.017809002129736812,0.04617330750790485,0.0007690973472286573,0.003938674284380309
0.004184799843408232,0.0001553352961286237,0.01593474821111224,0.010160606390239383,0.010206224266654785,0.006224306056677579,0.001465337694536383,0.0002499560409277636
0.0017701393603206626,1.5520086380887846e-5,0.0016624148082395658,0.009371683942964344,0.00636335063018836,0.012896922559313613,0.0011500531302752197,0.012152185887539121
0.0004342973070737475,0.0001664839531797046,0.013993998135460482,0.026633652330404954,0.0033649470282872936,0.03236221219481586,0.01891073174318779,0.001938881615129564
0.0026012415803619462,1.876373740930367e-5,0.0050221165092850925,0.004505792386414062,0.009758204547368558,0.02834332971179065,0.014228982310963425,0.0025193756166140505
0.008498874099587914,0.00010571141103781943,0.0032943761641541403,0.0027182276179349195,0.017972036077825933,0.05139624954243642,0.006139546819636237,0.0018666208571011336
0.0004034337019352923,3.133797734884389e-5,0.05683232507026076,0.0182894086985744,0.0004504017868218091,0.04974240645643014,0.007022389535634571,0.007959881461538901
0.0021646292281548153,3.025862086031125e-6,0.007238230587302673,0.0022926400399982116,0.0057953490927791845,0.019896216063052988,0.020065158872473187,0.00080141751367962
0.004680726163961814,0.00027440413246507543,0.022398668116123798,0.0028862586524781345,0.0012790565688650635,0.01659011601814093,0.00015607660648308424,0.001447185574360808
6.951392083606079e-5,0.0002479165949446471,0.004812770678627922,0.0292527224497508,0.008735542489877802,0.00583719088937369,0.0033444550148712055,0.007015373427372557
0.0004287817795887052,0.00020241912523214083,0.0437065802424628,0.0005534797919799122,0.009825322144267838,0.0012098895411192829,0.00015430549727664508,0.013390023589437054
0.010799576905145353,0.0010127699975405414,0.0038280562077178336,0.006687991612133108,0.0037768517916810665,0.05734017736199567,0.0018042796545031674,0.006078246438531036
0.0014077855478587013,0.00029924786044407194,0.004508161032777559,0.0015734020230107541,0.0010537844671376724,0.053848150753622204,0.0026470347715607753,0.0016795558707139986
0.0015162768061717697,0.000444236449930693,0.006279802478291348,0.0037706551775524883,0.0010070079934778682,0.025863685950083124,0.0019892797429731826,0.0034489339170673226
0.014229298623870406,4.130289800398638e-5,0.030650759535096557,0.002611127030591451,0.013459793630984646,0.15907559873809612,0.005270178599091891,0.0001625885558429937
0.0004286160752258834,8.739305547161765e-5,0.022460489486952714,0.014618557128871465,0.014128621699733388,0.02943426088858014,0.008899511530009114,0.0010459510402346384
0.0021454737393444864,0.0007974442179328542,0.00847611196744109,0.015661354270775803,0.012232550909347217,0.08904798386277779,0.013012150802957177,0.0052334772771781375
0.0018083294992054274,0.00019999298599134287,0.02917253597563153,0.0012835914327177212,0.01603443271214577,0.023355621467745367,0.003935664374461081,0.002132059046861548
0.0007220926130720993,0.00014847592826275634,0.025384030184144944,0.01773033229793475,0.011997583971484543,0.0011900951124998427,0.005765282644176526,0.016519799763011267
0.0028410788927769144,0.0002922768797210564,0.00029632789587314117,0.004149977221155389,0.004389276451300211,0.022003702172822666,0.0014175133432333365,0.019286691237903483
0.00045410117719724174,0.0001253826401245784,0.0022426255881080734,0.00023333271168591975,0.0030087133657740466,0.027864253193567688,0.009383465818084469,0.006141668898348252
0.00016562415520322444,0.0001176195657267026,0.011091202820051455,0.007771565571133233,0.004383029435450906,0.011739097871183234,0.009609363959758921,0.001915582694503079
0.0003011295111941468,0.00019861999047372084,0.0015143428363343884,0.00782753821720116,0.005098841705887331,0.06909844311568529,0.005722994828698287,0.0028633644132450395
0.0011729810538577301,0.00025714420716434856,0.0048354819336151435,0.007871249877227357,0.0010332685241275397,0.0199007959637358,0.005897910381704608,0.0017051983551235588
0.006610478513463492,0.00015448270495168134,0.03044113052868961,0.0023292813957748316,0.0005707530931693363,0.018923901339919218,0.0006964427445651731,0.005918271814056338
0.0007769074110776054,4.5815907436661634e-5,0.0016167605851841649,0.00965452860933483,0.005716862941996005,0.02874753876430004,0.005196831615415244,0.005886744692797338
0.0021129260937716326,0.0003148259010328778,0.009587031741075265,0.007409415873772056,0.007706272571021912,0.000969399034063751,0.017318922813103283,0.002463483890261278
3.0682250440038935e-5,0.0007588771630454005,0.011188091121207016,0.01960582536303621,0.021292881166295893,0.007009792765951372,0.01948640500502001,0.004911281746511587
0.0031161174451667622,0.0004921045888328209,0.0026084537095633353,0.000631504936314162,0.004228033259211986,0.014658524156734139,0.005511123967246049,0.00981006338810244
0.003919475134103607,0.00028423201761893505,0.01234866943197734,0.010441168716598585,0.00597399084632641,0.04243692603911672,0.00879018414083444,0.0017105003721934766
0.0015972294582576349,1.5807532070105456e-5,0.015091798061052085,0.004766220832961979,0.009809581210068582,0.015902817964146967,0.0007769717117445792,0.012773216893616868
0.00031138980405237695,0.00016558518695373957,0.03007907422536774,0.0035989665835042192,0.002433210509949855,0.0032211488828181555,0.012572474026455295,0.003020676940014247
0.0008805536125040565,9.888714870612652e-5,0.026018277280869268,0.0031322415806878546,0.0009521597590874022,0.01988534182477507,0.0014919405955025214,0.010343999613161582
8.436301248798041e-5,2.7982048366925053e-5,0.007581772360335867,0.001253466368718125,0.002886317857392883,0.042043166780192785,0.010319923769175506,0.003266306221072108
0.0015027476243492967,0.00018914648286758417,0.004427000980906971,0.005533243496943464,0.008372127695065387,0.0031131207266174837,0.0003418171772203628,0.00438619079461865
0.0015915458490278667,0.000127767947746629,0.03797009111313117,0.02496991057127803,0.0017459309057976202,0.020869320192414033,0.009179683460269122,0.0017637590084748538
0.0002781263472549559,6.22654073420293e-5,0.012004711654272315,0.0011482000249756906,0.00018185106619553713,0.01107854051665077,0.0029835996311261864,0.0023605627143286284
0.001174599453572547,4.758724636413578e-5,0.03736569671907125,0.0006751685073146881,0.010049062527803122,0.03750286659884577,0.00779162804380185,0.0073169518940394826
0.00802299378344377,9.682313275665385e-6,0.002891601517737081,0.005870962018635256,0.0068065215041747075,0.009501023214179713,0.0017865491373418685,0.013082664442791042
0.0010952744033991327,0.00019251050316754134,0.007707905219556461,0.000802290038363415,0.02192390959754224,0.00296172874785671,0.0051755400515988105,0.002724141087625374
0.0017011743083720856,7.410655618963296e-5,0.002572910291972401,0.007082212212970406,0.001355420499489182,0.006796545484095171,0.0002287036069266197,0.003988526981341615
0.0010155518389850739,0.000556457048575935,0.01700594693709891,0.01642061874830445,0.012431781606286201,0.005426093061947324,0.002092515786019886,0.003959131953985969
0.00045877175271741153,0.00011009442341503514,0.010976761544191634,0.021503907665144886,0.002165839731065139,0.027795144758756007,0.007689305300944872,0.0033452653065331153
0.003075820470576515,0.0002310078126471323,0.0060410962366479505,0.005488524462132841,0.0007086965716661828,0.05922940835406438,0.0020166661581451596,0.00809166758820179
0.00013472366037295768,0.00022911795157751428,0.0013492423048043305,0.006000725941263355,0.009587238304495012,0.0043546947075587955,0.01588682107566712,0.0038418614764276736
0.010426636345202021,0.00011502868905962926,0.020412721048497923,0.005029353173026159,0.0027193819129516074,0.025901849215303297,0.001159192645390211,0.0028415376980154396
0.0020060731748902188,8.867329475980195e-6,0.020717609158819532,0.010636563410188546,0.005194950104076957,0.05352362600859565,0.010943037849310012,0.0070491683075972235
0.0018403726720845016,9.305362568733227e-5,0.009804908844857185,0.01998485303805549,0.0016912920406284059,0.033284420720332525,0.02924884708103863,0.007333136693236782
0.006590905289519042,0.0009258860988350864,0.004170609770559731,0.0027590932893991503,0.0035908773002435355,0.04921329270320351,0.008385989242546498,0.0055931349933371665
0.0020730636783849515,0.00023553828662959067,0.008643225422790658,0.011451237053678431,0.003610842438141977,0.008590407626128147,0.017174722493393118,7.840932101511606e-5
0.0006385397964145734,0.000328744699760281,0.004290326275686628,0.007809032385405472,0.004638338327767856,0.00627089179708346,0.006385503437694259,0.001330027365408025
0.0027028474615745732,5.355918194936397e-5,0.030663533364072064,0.013050803656206708,0.008942714103286219,0.0034088967235392236,0.028739290840011998,0.002574276189284703
0.0009755465851860956,0.00034029448370085594,0.008600442949362228,0.00702290822867006,0.0004151909059385587,0.0028961838997824453,0.01017171627849779,0.007720957622563737
0.004023200893399508,1.1346615875010918e-5,0.00705535456192054,0.0004967467299950507,0.002594501537085694,0.010502531228688196,0.005147258561577665,0.0019550008576309447
0.004296764630402484,0.00043481344295951725,0.014426865693851765,0.004862453418323835,0.006105800486962383,0.0069995674892014545,0.004594742920531655,0.00415046822175027
0.002018458072053424,0.000307343765568112,0.001282229898552823,0.027274341965913596,0.011905513504488648,0.012634661840606852,0.0012991489300396438,0.0033547551244643087
0.00023613092664297644,0.0001163446515439118,0.0278566206612252,0.019949811657707102,0.0019332951140872742,0.004483283452198733,0.004226661609883045,0.016022025564886494
0.0018085886324828969,8.286926007148724e-5,0.00551256416013708,0.003495242431042705,0.0055292352922083855,0.01180442164847436,0.01953412813310391,0.010083786250369197
0.0019515492022963332,9.961958993530529e-5,0.0315070391934012,0.004140568640161153,0.0006727588316523414,0.025119813974940113,0.010113027224526689,0.004331021372861659
0.0013619394785070425,1.9969849884846543e-6,0.01794041907662024,0.010974563643266285,0.012532349333309262,0.0024688472003705753,0.0034564513637831418,0.00040200170635954234
0.0017264980368165994,3.1879195875764275e-5,0.03331033191239643,0.00011263244498873308,0.00445468305630573,0.006282786752151976,0.008989680458498945,0.014248594687180831
0.0010947801488404814,0.00020067482311612544,0.017944778925901572,0.006403354715043998,0.00965772500885097,0.03213828490632534,0.00807530512092086,0.0016226245315416037
0.004509027147025884,0.00018610169055400182,0.0029309429487065644,0.032007540420913944,0.003231078114231997,0.04819508127566372,0.002778523453753342,0.0008284634539906971
0.012135435536246152,0.0004445628141571195,0.011102218595405182,0.0146440328344913,0.0040992368835284666,0.031039305159997362,0.004036829535236567,0.007434383004789492
0.008866399583897294,0.00012032038526075995,0.05252783889266901,0.01569196603730097,0.012202325472294636,0.03622283089294711,0.0010870925748037484,0.0024725720374141192
0.001869226238496111,0.00020673208116638467,0.0017531501298960585,0.0017832399864500669,0.004928921533794749,0.008208420527485698,0.015440651641033766,0.00031024531874960235
0.0022881484410817226,0.0004830639413849154,0.02900106522413676,0.007806615522390225,0.0042571763037751315,0.08127001295728495,0.0031226087591621488,0.0035769890300413765
0.008005839618010742,0.000318382643404226,0.00040932684179203354,0.0004907785123476853,0.01681362837798999,0.036692774477744855,0.004716476327440314,0.0023064051233418854
0.0016163946136903604,0.0008260875586762575,0.007298838540523829,0.012380968432478103,0.0057735879015164224,0.04648569757446009,0.0008699061941975503,0.0015483078242345977
1.1131238428994109e-5,4.060114583079046e-5,0.004215866110067188,0.018110716410345548,0.012679624797454393,0.046018499259808034,0.0030527477878019823,0.004232551253508808
2.8315076478376352e-5,0.0006767551389503416,0.0017739135634697299,0.0022678400397705746,0.000901792931825516,0.00701450049867718,0.0024317273154261516,0.0007302777576996885
9.817765640908258e-5,0.0003370248517700531,0.011460659895778425,0.00348151277957536,0.0018141218519939053,0.0359475220573298,0.008243748084470277,0.0024720951131907377
0.006780373553204136,1.2295491731045407e-5,0.0029195032088407042,0.006215380927631117,0.0031367262693762247,0.002427607461110666,0.014109256269800715,0.009754244186874579
0.002992751165813922,0.0011764566328792785,0.00554488108881391,0.004051690722914148,0.0006726262750703634,0.0054198964468097945,0.0017897757427906094,0.003342739514091126
0.002088423640362628,0.00010124130063046399,0.011621901826153561,0.0032211172448493343,0.007901862522778304,0.011459945422585506,0.0008463255541702686,0.005460520198325651
0.008919233252898121,0.0004639811135679081,0.015925123716394114,0.012717070815634602,0.004341622700355718,0.07353288045569882,0.0009822234292119372,0.009533562511782433
0.0025707676759471098,9.576941558225806e-5,0.009431762976125652,0.02642436029347262,0.003435715106506251,0.04635726960325154,0.0012186942096945317,0.0046560413794515575
0.001278383809250331,0.0003957468375509308,0.013131527918800503,0.005770048933658333,0.009809433794066704,0.0014068861692169202,0.012261876835776373,0.00075591439444657
0.00026548410479819505,0.0003100072865411938,0.01617234075309452,0.0013957759655620235,0.006413127614145024,0.024076430374774586,0.0034966570396344878,0.002032993093675061
0.006574969164738547,0.0006064170742227114,0.0035826958030740204,0.00011062827093201243,0.0021029242801284395,0.019490318797306526,0.0005412881046828637,0.003741753056132561
0.001776357717853288,0.0008956749613749637,0.013725331351142305,0.001769936733532895,0.002839555604638515,0.037423454424083354,0.0054016594477439015,0.0237707437795682
0.0032219672141120003,0.0001600631789323005,0.06849429588093493,0.006409166844059411,0.0010778276943244909,0.01606726469424406,0.0013833465487979846,0.006944570965425375
0.008263603220894544,5.464935109751392e-5,0.026288279454814205,0.0002902004688227725,0.001042476619954186,0.012854727951267474,0.0025411872539301216,0.0038634282919361627
0.0026777412169310295,0.00010976619019376963,0.00880146973567473,0.0017673572404884022,0.0040912154235541965,0.04370201251080478,0.008753280472650043,0.0029587224520702233
3.562728867373862e-6,0.00024793983222825324,0.004403010848284955,0.007004571174450492,0.010302363772754208,0.029049255993179816,0.0025297564793339083,0.004267664344717173
0.0038606219962587385,0.0008475431083184498,0.010948278477650205,0.009710765807083747,0.0038993498010770527,0.03732296657151649,0.001380920200331397,0.008148530930675508
0.002842721257477641,5.97298078913433e-5,0.0017107496864085863,0.01203672150975178,0.008069195858561135,0.0020249542770469147,0.009523334275230975,0.004071690353204109
7.44587937470835e-5,0.00026087466582584164,0.003654159986597916,0.001048622099169295,0.015020739516232489,0.0004829862818409699,0.008854129019703854,0.003966694806111102
0.00026992532573541516,0.0001574976656397808,0.02805424164530093,0.012263789856923498,0.014705650687878285,0.07045899599372099,0.006982614996238919,7.466891710650979e-5
0.0009038544792072733,0.00025614588914507196,0.09234245351077014,0.01463349142629886,0.0007208182827452861,0.0009116927900741457,0.01993697560952598,0.002411857856330949
